id,polyline
1622347570,{uguGveelVt@d@lAn@n@Ph@RPJNN?`@KZC^UtAQt@Gp@S`Ac@nDGPIn@UnAQl@IJ@HERFT^XH?XLRP\NJH`AZHFDLXZTJFHFBLN~@d@BNJF^Hp@T`@RHJCX_@tAS`A@l@BL@\JVHJNZHJBLHN@R?PLRHDHHFPNT@NTf@@NVb@Nt@N^@JJR`ArCx@nBNf@P`@l@`BXj@Tp@FHFXdAnCL`@?JHTP\DBDPVXXn@@NHLFTADHF^f@Pb@BXdAbC@P\z@Nt@Vv@^|@HFVp@HHL^p@pAAXRn@FFCFX`@@VJ?\v@HJTdALHHLTt@N^FXHPAh@Zz@?NIl@QXQ^MJCHMBWPOD[l@[XENYRGTW`@a@bA]b@CRMNQLAPGNEZMXIf@o@`@KJGNIBMREd@KZCRm@zCCp@Kp@KPM^ONIPL@EJ@H@FDCP`@VRJLLDDDXz@PVVv@APSp@?f@@HN\@RFLJ^?PHZVT@HLNb@Pj@F@PDBf@APBDDNZD?DJ?RFh@V\DLV\J@@DEd@DFJ@DNE`@?r@CJ?VCRDL?PCLDF?DKJITAV@LEZDd@C\@RHVLJNBLDn@DVTV^ANK^ANHj@@f@HXDZFL?XL\DDD?JOHCNO`@k@b@aAPk@NY`Ai@PSh@wAJa@N[?SHIFM@IXUHSRQ`@q@HCFc@HOBOTa@PQRIV[^SDGLEABJHLALF^BHBHJJALL`@PRRJRDJCFBNJZDbA^t@Dh@FVCh@GV?LBLPT?HZt@Nb@Xf@Fd@IBDb@HJBRVt@NDNAb@Fp@TV@ZGB@BN~@XP?j@K`@@f@OKEQBgAQi@Oy@AUEi@Wi@{AGm@q@mCCcA@KJMJCf@@b@EH@NFBAHWKo@?QDGLGp@Op@IPQJAI?KCa@a@s@_@[WWY][IU?_AMSMGGI]u@?KDk@Je@@e@GK_@Ik@c@_@g@?]N_@BQDGHSLIJMPw@?QOw@[u@[YCQBKCKD]TQh@OL?PFP@FAPMDBL^Hh@FNLNf@YHKNATF@HRPL~@Br@DJJJDTNCTOJ@JFz@nAd@f@LTXTRVBJD`@BBZEf@?HDNJB?C?IMmB_CBQ?k@AY@g@GWBiARm@Z[p@c@d@CTGhA]JHBF?FI?i@c@y@a@M[IM_@EeAWIEIMI_@Ae@X{AAOK]W@GAOQUk@Mi@AKDSHKTMFGTc@@II[o@s@EYFi@DM^]RANDNTPd@LLPVVPTHVt@b@p@NLXFHHN\ZPb@AZHp@h@VOLCp@RJFb@b@RZBLBKJOJAPFL?zAaA?OIc@A]CIQMOi@AYDq@CUS_@Es@DgDJ]LOLEPLZDPFXFNLRDVEVF`A|@Vd@VVLVNf@JpAd@xD?`@IdA]fBEdAO\@FGZ?RENSb@@PQp@@F@p@CXKZMv@IJe@VGX@V@DAFOMM\ID?FEPDTAJCJ_@v@W`C[tACn@GRIF?JFT@VCZQt@A\MbAA|@HHBn@PhAARQf@LBFJ|@rBDT?X\n@Jp@Pn@Dr@Ad@@LBsAa@cBA]@SMiB@YNi@IECGQu@Eg@?_@LiA^uBBg@CM@OFm@L_@Xc@Hm@FWX[R]b@_@Zc@NITAPPNX\tBDp@?n@G`@HBL@HXT^\TTV@C_@w@Ca@BGHCVw@LEBIJIDA~@HJRFBFPZ\FNP|@Bh@P^AC@NB@Ho@X_@FQBM?SC[OcAOm@Ek@QcAM]KQy@y@_@}@Ka@Ae@SMMm@Ys@ASAeANkADKJI^INw@d@cBFOb@g@Pg@NYDO@UFWVu@DIFEF?LDh@b@`@hAHxAR|AAb@Iv@Hh@@b@P`A@t@PZJl@HFN?NDZ^Vb@\P\l@|@lA\nAH`@CBGEAG@c@Lk@JULGE?c@}@Oq@Ug@AOGOAGsAkCI]Ic@Be@J{@FQ`@]AYBq@Fq@FIj@OFILIFIDYQ]Qk@YWOU]gAGm@@[Ms@GgA@]Ge@BIVQXJ\Xj@z@^RZ@ZVTHHJFVZFNHTPVB\T^FFDX\\TFNDTDDD@LKHEP?PHp@d@L@\EHBRLb@FPFz@v@LFd@|@Jd@?HCIAc@B]VUZMNMiAiAc@qAi@Oa@c@UOOUWSSUUa@WQm@w@oAgAi@_Ai@o@M_@?KFa@FOTSf@[\AJI@EGa@@g@CMGOWSIQOO_@Oe@e@[IUKWSOq@S[ISSaAEs@BWDGBCD?\Rp@Lx@^PNJBN?\DP?LGPUJCd@PZRb@LPLD?TEd@BNHj@v@TNHkBLs@FCPJ\JF@VGJBPR@LJLRZVHHHFPCh@@DHFXEb@CNHF^J|AGDDl@KTAXd@ELBJHLd@BBTCFGAa@BQDEFEZGJ?^Dh@^F@HEBG?IEOm@}@Uq@K_AAc@AUBQNQHUF?TOCGAQQk@S{@HOLQNI`@GXDXLDOCcAH}AAMOi@o@mAWq@Kk@@[VyBJI^BNRNLPTDRNR\x@T^v@z@Vb@Nf@NPNf@TVb@HZVD\FPFDNTZx@LLHFB?BCAECEM[[_BBSGk@B_@G]BY?UDUFUEe@B}@Ak@QYCOF]Hu@Xs@Mq@Lk@?_@CYAw@Ho@F[BCH?NJVd@LHn@x@N~@p@r@NVDNJt@P\VhATb@NRTBPILYHwADEBWBIVEB@n@FB?BCAKUe@COBUFS?OGM]_@K[Em@Ji@JIZGN?n@HTLb@f@CAVOAG@GRY@SCw@G[[eAAcBFi@Tm@EMBMTKt@Gd@YJAHBHXT^BDNBLRLf@BpADVL\FgACOSo@@GBEBZRl@DXJNFTHh@d@lATnAD`@A?CEGOJCD}@N]J_@Ba@BIJKFAX?VDt@r@xAj@`@b@`@TVVJP@AE?I_@SWEMC[@c@CG[_@c@}@Ma@@O]}@H_A`@g@GG_@MQSS]OMSq@C}@O_@?[BKPYH?FKJCDG[aASe@CW?c@DMJKBFZP^NJANFt@SPOd@GDGVKJ?NBHND`@DJVVZL@NLPBJLDBG?Ca@m@GUP{@Ds@DSJEPCBHHGTCf@e@REl@J\JP?FBXDLC\HKGMMGKIG[_@Ia@@YOe@AO@GBILMn@QPS`@M\O@QA{@@EPE\EXIBA?E?GEEOCSO]e@_@K_@U[YSO_@e@@WHo@@a@?gA@MLORg@Fk@BAJMFC`@NHIHWJMZIFGEQAS@MFMVYXMN@DGOME?K@]?SHGA?GPMRc@RCLODBGAQK]ESS@GIFq@`@i@GGFI@?E`@W@Gg@MIGIWGMC]Qi@Sc@AQ@c@Ae@E[Ek@IJa@TKBKEe@]Uc@CAKLQd@EBI?MGKQIeA@GWi@CG@I[MOKk@g@M[CQAUK^E\IlBEPIDCEC@EAEUM[AWG[KSGGEAAF?\Gh@IDEC]c@Kq@MS?QGS?KDg@EQK?UPO?SJ]j@Ur@k@r@{@`@_@Ly@LADWDOCQBg@NCCICQ?EIEBKF[b@g@ZIKWEEE?SCUDG@ERSNW@IEB?C@CBHCAIO[Sa@QUGQIWES@a@NM?QDq@FgBCO@OEIAKGKi@AK@GCU?_@YsA@ULq@NmAIk@?WBMWcAE{@Di@Hg@LU^]NKT[B]CQIQ?KEIQs@?k@DKRSn@{@NGTAN?NBJAHCJQHEBI?YEC?CDSMWBUA}@@EPGv@FTSJYAQHg@Tk@Je@HSn@_@R]DACIDqAEm@Ds@ZsAr@cBFMVW@KDIFEr@HhAZLJDANHHGH?EF@AEQMYCU?KTcALYJKJ?^Op@NPHH@JA\e@JUEOE]CIAQJ_@b@IV@FCFM`@WFKnAi@FID?XKn@k@RGFBFCXBPAHCFELOSUAIBOCKHc@Tg@^a@^_APSTG\@`@JHAh@k@DOM{@FsAFWRu@@MPe@HKD]DIXGP?PQ@IFEn@SNOJWLQ\QX?TH@N?`@FLB\Ex@@x@DPANTl@@L\b@P^JX?LNZNVVTHLPFD@FKDK@WI_@@]CIBwABc@CODYp@]f@DNCPH^Dr@@L?HEJFZFh@l@XTj@x@F@BDhAx@RHTITAZNCFEAEMWEIMKAEEk@cBC[M_@SiAa@aAe@YY[[o@IKSe@YYMWUiBIQMqA@YIa@Bc@Oq@[c@YSM]BU@m@FWFe@AUIa@Bi@Ps@~@uAb@i@HG|@W^c@v@i@Z_@DMLUd@Qh@Cp@^f@HNCHi@CSGE?QBQRWb@Kf@@ZF\Df@Cb@Qd@[VKdAIL@ZAH@JCb@CNCNIRGI@VOz@Dr@HX?NDb@DLDRAPNRF`@Dn@?NIFUJQhAENBVNpAjAH@PAPEFI@i@UUSGOa@SSEWEKKEGKKKK_@YWU_@SMW]_@_@McAQk@Os@Iu@A]H[LYD[@]G{@Ma@CaBHc@FcAHc@f@{A`AsBb@s@TSl@]TSNYn@sBl@cA~@}@\Un@Qh@A\Iv@]f@]X[DOJMZs@Le@JQNkBAqF@sBNyB\wC@_@VaCh@cEHaB@oBKiD@q@EOEoAUQUEKBeAFGACi@BK@c@ESGw@Be@?wA?BGaAGa@QFeAEMCSBGHAf@Bd@C^BpAMTC^@ZIPGd@@\EJANFBBHM^APBPG~@QvAIZKPa@Vc@HcA?g@Fa@^ORUt@Ex@Dp@?r@DtA@lCBz@Hz@@f@EbDGNEt@YzBK`@Gj@]hACPYr@oAvB}@`Au@n@qApAKH[LWR]b@}BtBmC~BOHe@`@{@bA[RgBdBqAbAoBlBo@h@gAfAa@h@YVMFgAfAOFKNaAx@u@v@OJeBxBUTOHu@|@MFg@n@w@x@KNe@l@KFm@x@s@t@OZu@~@eBtBq@p@INu@r@kA|Aa@\y@bAi@j@a@f@KFkApAILk@p@k@f@oAhBw@x@]d@k@n@_@d@WRu@v@ELa@b@OVWXYb@c@X]DUJIH{@fB_AzAkBzBeAhBu@jBy@pCERGNYhAkApCwAfCkAlAc@n@e@f@_@n@MJKL}@xAqC~DKJg@x@eBxB}A~BUVs@~@GLk@l@g@|@m@p@KNGNi@v@UXMH_AlAWTWf@cAtAm@hAQVq@hAYb@oA~BqAnBk@fAiBlCMJkAtBEPIJO\KLc@v@SVwAnC_@d@Wd@q@bAi@fAm@z@KJg@~@KLWn@[l@ENWZGNWXkAfBwAbBKFq@j@kAv@u@\_CrAc@X_@\YNIHINw@v@{@r@i@r@u@t@MD}@z@e@j@cA~@cC`BsApAs@x@s@p@y@x@s@`Ae@^[v@OV]Xs@b@SROZANa@t@[Z]VoAzA{@v@m@v@QZUh@S\uAhBe@b@Y^Un@i@z@]b@Ql@IPcA`Ay@|@w@`AMRQd@o@lA}@dAQZ{A`Be@ZKBOCMKKQkAuCc@qA[o@g@uAKQE@CUDKCI_CoF}@oCKWGWIIeA{CWi@Ke@O[Yw@AKKI]o@kAoDqDiJUcAs@gBc@{AUg@]eAw@kB{@_Ce@uBGOs@mAMs@JSHc@Cs@`@mALu@j@sBf@oBLq@CMMYqAq@UQCKICGKUMKO]]WO_@EMM]Ku@_@g@_@}Aw@MKBi@DQDc@`AmFBQGq@QEII_A]y@c@cAYQI
1619732378,y`guGzlmlVC]Li@N[JIVK^@|@Z^DT?`ASN@t@Tb@PP^NbAP^JFTAJBZTLDPRTNJGXW^MP?^Gt@HP?BMAMOYQSg@}@_@iAAYBW?a@CMGEYWSYGOOk@u@oAMMMYCOVk@F]?UQ}@Iy@@i@MeDCQqAgBCS@WFOV_@Ty@JOJENAH@LHl@|@LPb@nAX`@TRJCX]f@eAHEz@PYfC?tAWbAIlA@RAh@UpBFP\VR\h@h@JVDPf@z@@HJPJj@ZrAN^TTDNd@p@\Z\p@t@v@ZLb@\n@Xl@v@VTV?VBf@N\RL?FFLLFLFTLp@AJFNBBNIX@DD^t@XZXTD?E_AFkAHK\EPMBYg@s@]MGEKQWaB_@_AGSMw@Es@DMv@HdAP\?NElAFBGc@_BAO@QHQnBSf@AJc@JOHEhAIZBTXHNRPv@XJv@`@j@NZFTFn@HJn@HZTZ^N^?`@HNd@Nd@TT\RL\FTNLAVDGa@BEw@c@OQIQQ}@Y[KUYyA@aAKc@@{@Uu@Km@WYSi@QaA@WJSVU^MPAh@O?EMOq@YI?QGk@u@k@i@UOi@q@MEKMO]g@s@k@eAW]Oa@IEGIc@Qi@@_@[_@SKMUk@IG]Ea@@WCSm@G[?u@EMs@}@Q]MQIISKIIGQBQNMZIJ?JIFMNs@@U@_@K_AVi@Fe@LKJENBJDj@j@x@~AZ~@F`ABJJJ^NZHZ^LR@NAh@FNPJR?LBJPFn@FLFDJ@\S`@EVF\?LGb@z@DXRj@?DCAOk@Yg@IQMo@KSEOz@sAHCLKEUOKUC]Ka@@s@EMEYm@SYKMSGIKa@{@Qu@Q_@SMCISeBUgAMw@Sc@Ye@Y]KQ[_@CQO]Oi@Q_@w@]I?YDOJKLQNu@jAa@~@a@f@]t@Qr@OZETMT[Rm@p@IREXe@|@UnA[dASpBDv@DTLXXX\n@LDRX|AxAR`@b@~Ab@xATZf@\`@TNNFFFT?EW^eCu@c@Bg@WQ?UGKKc@ASOYMODIHKh@CX?bBEhA?RDT?RFZ?dCMRSAMBQIIMKe@c@i@[k@S?OGUAICQMQESAa@He@M[SGIAMBSRy@Z{@F]Dw@A[Bg@?[a@uAc@sAKQYWK?MFGRMt@M`@OLWLME}@y@Sa@SYk@iAMQMEQBORWv@a@r@ET?ZDPdAr@JN`@dB@bA\dB?LEPQ\MLOh@Cp@BNTv@HTp@bANZLHb@FDDFL?NUbABTr@h@PP`@l@j@`@J\CR@JIJs@VU@k@l@QCMOy@[YAMC{@[_@aAUw@Y_@KAaA]UBODg@b@OFWCo@O}@g@SCM@QRSf@Al@Dp@
1613417892,gfguGvtflVALGF?Gb@n@`AtCnA~Br@jBf@hA~@dCNXxBjG~@bC\t@dBzEZhAXn@\dAh@fAd@jAJ`@f@nATx@Vp@P\Xz@rAnDHZPXDRrArDnA`DNd@BVCPK^oAzAi@f@eAlAk@nAg@nAWd@k@p@yBvB_AhA[`@m@fAQR}@z@e@`Ac@hASt@Qb@[j@c@fAORCXOl@SnAWz@_@x@Wz@Gj@Qr@Ip@E|@?x@Fp@Pn@DZ[j@MZs@n@ULe@n@E`@Az@?h@D^ATCDUFSN_@j@IVAp@Bb@Bv@Xz@Vh@BJUI[A[Gk@Bc@LOLa@j@]l@ENCh@@f@F\BLr@~@T^Pb@Jf@\\JRf@n@d@VVTj@^RZDt@Iz@?j@@J^`Af@d@x@fARHr@z@`@\VLNRz@d@b@d@ADq@FWCM?YMk@?[FQAQBMCO?c@FOH_@HMJKTI\U`BCvBBh@CHa@j@E@[\iAz@SfAK`AErA@`@FVNVDHHBNRTPbAV^F`@@PDn@Zb@p@Rf@LR^|@^l@PJPPb@PP`@HC@MRr@Hn@NZDVN^FJNLFNCZg@fAc@`C?fAVv@Zd@JDJPnAx@PPDB?GLXRLn@p@p@`@j@PPHTBvACv@DNJ^b@`@Pj@Gl@O^Qh@IXvAJTL`@RXZFNKjCsAf@IXOd@KfAi@p@c@PGhB{ALOLGHMVy@T_@JWVMHKb@_ADQ?k@JUHGCCx@u@\Wp@YNC^Sd@a@rDwDjAm@ZEdBA\@|@GrA?nAGhAAl@DXF~@j@h@`@PHVBVEj@WRSNWb@yAt@mBLo@@WEsACcDJcBFYJ]d@}@d@e@f@Yh@Sn@QdCc@h@Mn@IV?h@Bt@P\L`@Vz@`@PL`@Jh@DXHP?j@Dt@?dACh@@XEb@@n@GfAUn@k@rAyA\YXQZO`EuAhAi@z@o@bAcAjAy@h@i@n@i@`BqBv@uAb@_ARmA\sA\u@PWTQd@Q`@Cj@B`AGXMVWNYFe@CiBB_BFa@Pi@b@a@XSJE|ASVGh@Uj@g@`AaBd@o@Ta@ZaAVeAn@gB`@}@n@{@f@YlAi@NKfAWn@Ad@Fl@LFDJP?N?XERANFHLC\I^Yp@iBPYHCAARhA?f@BIB}@CUCGEAB_@FA\S`@OJMHSJeCHq@L_@Ze@HGf@MLIJQHURuAH{BHYFe@No@`@cAH_@DYFo@F_DL}@Ro@^w@v@kCl@aBV[f@c@`IgC`@ONKb@q@Ti@Xe@\y@x@mAn@yAZSh@g@Tk@Ty@Zc@Vo@n@{@LWVkADe@Ac@Ki@s@iCGk@Bq@Bc@ToA@g@NcA?k@@ONk@d@{@Xm@\g@zA_A`A{@bC{A^QPAd@O`@Bd@AHQf@]V@XF^NpBjAR@f@K^[~AsB|@mBjAgBX]p@s@d@WfAKv@Bf@Cd@B|D?VBf@L\Pv@f@p@l@XLX@ZILKV]b@iCPc@v@w@`Am@l@i@p@[b@Cb@Fb@NRHNLj@p@^X\HP@NCLGnAaAn@k@rB{Ax@eAXi@LUXgARoAJaBDYJU@C?DBAUQM]EBA\@CeC{[QuBQgBQaDKcAGc@SgAo@iC]cAeBiEa@sAWmAKi@MuAOsEScCEsA@m@Li@`@oATa@TU~Bu@|A_AhAu@^QLAh@Sf@[pCeD~@_Bn@{APSLEb@a@dAoAHODWHqAHyD?}AFaAJu@l@mCZ{@LQvA_Bd@UhAa@t@S|AAh@B^C^GZKHEv@s@v@mAHORy@HwBCuAQgBIsA?g@JoAOeB?g@EYq@aCA_ACWMe@CgAQq@a@yAs@{DSk@qA}EUo@o@yBYq@{CgGe@mAq@oAi@w@q@oA]sAM{@A_@B}@H_A@e@Cg@G_@I_@[s@yFsKa@gBYgBg@_HKkJNmBTy@@QAAIl@MlBKh@nBsdF@AO[GQm@aA[u@o@iA}@eBa@cA_AkCwDcIKw@EmELeBAU@g@?y@N}@?QkBDiAAqCDmB?aCIgA@aAB}A?]CgC@eAAw@?_@BgABeCAkAES@aAAo@FGFCL@JDA@MEEIZ?FD@DKE[GEK?kACk@BsAKqBFc@EOIcAEmBHq@A_@E_@HS@kAEm@@_@?sADIAYHi@DqBAq@G[MSEsAM{@Da@HaA?mBFq@FgA?}@FaAEm@@s@AQ@UAg@DiAEmABi@C]IIBSBo@A]F{@CUBa@?w@Es@I_@FUCc@HuAD_@Ak@?eDGqBBYAo@@k@A{@BQA}AEqAh@_@Bo@@cAEkA@YCQBkACoADk@?]B{A?{@GSEWBUE_@?}@?a@DyCA}ABmCAeA@y@C_@BSHGHANG`BAjC?pBBrA?fDFnBE|BHzBCdDDdCCp@
1613417849,{ifuG`}jlVZ@j@HNCRJl@h@B?VlB`@nAFn@Jr@JrADpBEjAWYFQXo@I@WhDZT\DXALGHDRXNt@MTIVCb@@RFb@d@vAAJN\zA}BVk@Lg@p@{Af@]`@i@z@aCVc@XWdAgC`@s@X]VE^QPEF?\@p@X^^RJ~@p@H@Fe@Ig@YqAWc@uAwC{AoCI]SuA?o@Ho@DSTMf@o@\s@V}ANi@BS?mAEa@]sAQe@QgAMa@Go@?g@JUhAwAZw@Vc@JMHGNCH@\NhAVLFh@~@|@dAXr@n@|@HD`@GHGAKFu@@SCI@]Jo@@i@?g@Fo@D]FMFm@AUMg@Mw@Es@O}@Eg@EMC[?UBSr@k@j@q@TQj@_ANgBDoAZ_@NMd@u@`@U\CXMf@HHHJtA@ZJ^Lp@DhAx@hATRVp@LP^l@NNF@JIHq@?_@ToADk@Ha@Pc@RWr@Ef@DLD|@r@H?~Aj@t@`@`@FHJTbAFN`@Eh@e@NEf@A^L~@`@f@^NTFNJhAFPNtAJVn@fDPlAZxCBd@@jADp@FhCEn@?LBB\w@h@yCj@{BXqC@a@IhCObBo@hD]lAOZC_BKkAEwCIk@Qq@KcAe@cC]iCG[Ug@W[i@]iAcAOGYISBKHKGw@mAg@e@u@_@}@s@_AYy@s@a@YUGMG_@Cc@BQPOl@Kt@Cb@BhD?PCJ]c@m@a@cAqBg@i@GOKoAQiAMiAU}@[Sg@Fc@?M@QJ[Zg@n@Ud@ERC\I`CGf@UZYDu@j@ULSRQ\Mr@TrEVdABVAj@EJE^Cb@Br@Mt@Ct@FhAL`AECUAy@_@Qa@i@{@Ui@QUQe@IMOM_@AKEUKo@i@KEMAKDMHe@~@gArAOVOx@A^H`Ap@bF?d@ETEjAITIf@Sx@Ql@QPm@NUd@I^@hA\zBHZFLh@p@z@n@|@jAd@b@f@VHNNp@Vh@DX@`AYUMMEK_@[i@OK?oASMDu@`@c@b@MV]`@Wv@y@z@[d@]\Yh@k@nAWb@WLK?eAjAk@vAg@`ASfAING?GIg@mBIe@IUCa@F_@GaAIOa@DQCY?KCKQIs@M}C?]Cq@@cA
1607188412,aj_uGfawkVP@JELKTFp@?TDR?VDd@?P@~@I\FV?j@PN@|@Ih@BPHTBf@E`AJ`BJd@?PCHINGRAHGLO~@_Bd@g@HGf@?HDnAtAZf@F^N^b@^NDdABhAGp@F`@G~@DNET?^Dx@OXBt@Ar@Hp@GLBAJUj@i@bBIJSD_@XSBc@?OBQHM?sAGS@KCSBmACi@J{@@YJQCaANMAWDMAY@aAPwA`@s@`@i@r@uAlAc@dAMN}AhE]r@Kd@Yv@m@dAw@j@]DOFmAIa@H_@B_@Cq@HsBMUDgAFK@{BAUBMAw@DcAA{@GoA@{@GS?c@Du@Ia@AM?SFu@Aw@DKHcA`@[Xs@z@Yd@e@l@W`@yA@UC]AeALc@?SD]\[Qo@GcB@mAEW?aAE_C?yAG_@J[@w@Cc@@iA?a@Ic@AU@o@SWCWDKDmBEe@By@NwA@y@KMIUEcBJ}AAe@Dw@COBm@?i@Cw@KyAD_BAQDOiAeBJwCBsCAWGcAC_@Bg@?MIg@AUDe@@iACmABUB_DGMDW@SAQCWDu@Gg@@m@Ji@Is@FoCMg@?U@a@CU@SCSDyBEi@@sACeAJKAa@K_AIw@BKAISIaA@sAGoAAuCF[Nc@Li@EWEIQAGLDPJMYs@Cy@?yACoABwBAuB@mCFeBE_A@SHQJ@^Ch@?d@AxAFf@Ad@F^@fAEbABdACrAAd@BLAxAC|BB`@E|@HvACj@JfDGj@JL?bCC^CxA?~AEP@b@Ev@Bv@F~B?JBnBBz@IR?xAJ`@@r@E`A@~@CPAl@@v@LdAK`@Fr@?l@GZ?l@F\Cb@D^A\HR@f@CdBB\Ex@E|@Dx@EhCDb@DRAv@IP?d@HT?h@WVEp@AZ@h@Hh@?f@Dz@Eb@Fd@ElBDTFJHl@tARJL@TAT@^C\BTAdBM|@@VDr@ER?JCXWRBVAz@Hr@B`AERDTGVDp@?d@CTGL?l@Ll@Cb@Fj@@PAf@Ih@Lf@?HG?K
1602007087,}|zbFjmjqSYF[Ai@BSFKNALBvBFb@ApBFlA?r@Dl@GxBGh@EJS[a@c@e@[YYi@YwAe@m@[]Gm@@_@A[G_@?s@IeAIYEu@?e@KQ_@IGQGIES_@_@cA?U\jAALYPSFSD[?KBy@C]HqBA_BDSE_@EiA?u@MYFqAQiAUWIqAEmASgAAk@K]Mi@MIGIMCc@GIOEc@]g@Os@e@c@a@YOk@]gAC_ADMDeAf@O@IDSZWRABD?n@o@v@]VGEC_A`@KNKDMLGHMHIXt@Z`@Dt@T`BTv@BlAPxCB~AL\L^HjA@fAR^DpA?ZNd@H~@ZTPHREB]c@QEIG}@S[K@Bx@FPDt@Z~BE|AJXAdA@ZG`@Ax@Fn@G|@?z@OVQ@QEOWs@`@rA\d@RPPRhAZbADjAXz@@~ALh@Lf@PL?rA`@d@Zr@`@l@h@Z^ZFl@?DIKAs@FIOEyBAeBDeBAg@@e@E_Ev@q@~@GXIFIHu@EiA
1602007027,ae{bFj~jqSi@WeAY]M[EQA[IiAGuB_@]?]BKAOGq@Gk@CaEDw@G]?YDGHFD\E@GGCgA?aCEwC?GAKKCMIIiCo@m@IcAA_@E}@OkAIiAUe@CO[ASGK_A{@YG}@o@aBcAKAw@C}@FkAVYL_@^STQl@?HFBpA?NDf@Fn@Pr@H|@@pAX~AB\BlAAp@Bd@NbAR\@h@NRB^?\BhADRDf@TZJl@D\EN?|@N`AB`@D\@~AIrABZGn@ClAAh@MP?e@mAV`ARZ`@VNXVNt@Lp@B|@Hr@NfB@h@Fl@LXNf@L`A\x@d@zAzAJNDZ@GIe@Ci@@e@I_D@g@CoCE_A?eCDKjC]J?Ls@CqA
1602007073,wwzbFfejqSLH?GFOD]Fq@@g@?y@DcACq@@a@CfA@R?h@Bh@C~@KpAIb@QRmARIFOP@G?RIFKZ?fB?NGNi@F}AHIDINATF|CCbCBjFCdAJVG?g@w@QQgAy@uAk@sBe@YCa@Go@GIE}@CqAM[AUCg@Ow@@m@C{@Dg@EeB@QA{@FeBEW@]CcABeBKIMCAEKOOeBa@u@Ki@ASGi@@}@UQC]@aB[W?OKKSASIKu@m@m@Ww@m@z@x@v@Zh@b@HP@VLNj@Db@L`@F`AB|@L~AF\DjCp@PPJXHDd@A^Bn@AdDBRCbF@f@D~@A`ADt@L\?lAJVFj@An@BnBVnA\j@VtA~@JBTNPPT`@DKDcB?yEC_GBm@DKFCbBG`@KDEDQCu@?{@Rq@FKLIv@ONKRAAOIUIE?DA?II~r_@fbvBFII@GJ?\FLYN@GUX?CC@KZJ@FCBG\KP[PSJI@OES@UMEAC@YIOVb@g@aAq@hGpAgGKLFABWDDSQBBDGBAVFLJVIFFLC?EKEICGBOMCBAKDG?@\\HGNBBD?Jh@IDBFIEy@GR?VC?CG?Q
1597756246,w`huGp_elVm@Wk@O{@]KOEMCq@J{@T}@XqB`@uBF{@f@sDl@yBFkABYh@{Bd@gDHSR}@h@{ELOT@l@TrAv@\HJJb@NRU\EHIHSx@kGX{AN{A\yBBk@RsAHcAlAcIPg@V]RITAl@NRNJJZb@b@t@JLTl@NRZp@|@bADn@MpAEjAIl@Yz@Qz@O~@FNNNz@ZDDBNM|@A\q@xDQlAMh@YnD_@zBWvBs@`ES`B[bBe@fBOv@I~@UbBA`@Kd@U`BSx@Gd@A\Gj@Qz@ELMHIGYI}AIoA]O?k@~@IdAeA[IK@IAB@DMGd@j@b@Lx@HLDrBfATF`A]ReAH}@P{@T}Af@_Bd@eAZEr@`@NANSFMVkAFm@TmADIpASTK\{@Tu@Xo@
1597966817,qjfuGxzjlVS`@HTPF^CXFr@AJJNVVLDFBJB|@Si@b@|AJXLh@BXJZ@L?r@DdBCZJ^CvBCRx@v@XIN?b@fAATEL?d@R`A@^Ph@Jv@XAJWHo@\o@`@iAR[r@w@z@q@n@cAx@aDn@iAPc@P]^_@d@]X]NGZAjAb@\X`An@TZN\DL@`@RjAUvCPd@@HCZFf@DPRXRh@H\`@d@BHt@`@j@z@nAJVLj@NDHT?nAUTDXAICYAmBROGa@FKG_@m@]}@GU@o@KmAKs@?u@XMXWZE^??QGKIUIYGg@A[D[FKHE^Sb@QdAFLCBMIm@U]YI]C_@@MGI[KgA?cAIEAMMSY{A@ECg@CK[]i@}@Uy@@KCIT[HSBOEICu@Sc@]g@I[?MBGbAi@j@UNHTX^VTBz@GN?FNBVX|@Pb@ZR\DPMH?HH^jAd@jAXd@JFRTLJNBZGV?`@GZI_@}@g@s@QOEQM_@Q_AEmCBBVCl@g@P?XBx@GZB_@_@KAIIk@s@UcAMIIM[AKGI@QIIQIg@Ai@@c@EQM[SOGIGWAAXM`@oAEk@S_@K]Ym@ES?I`@iABsAHgA@oASgAK{@EwAGa@DMGQe@xACBGAIi@Oa@KICBMUKIU?KBgAp@YJg@^EJEb@Lx@F|@A`@TdADv@KnAD`ACt@Ed@@z@ITFf@?J_@b@IBSQo@mAc@o@EC_@_AS[SKwA[KGQQKEWDa@Xg@dAa@j@WVIRMb@?f@B^Px@NfCHp@AbAD`@Gf@BfBEr@MVSXUt@O`BEjCRb@n@n@DPDd@v@~AJNl@f@\l@`@lABZCHORGBOCKBa@QEEo@Km@Yk@]IFM?OHGJi@r@OZo@hBiAzBMh@Qd@OTMJYRaAj@MN[t@m@jAURMRc@fASWIO_@a@ISSq@CQN[B[?SEUy@_A}@FKIEQGc@j@_C?]Ii@Ey@@s@Gc@YwAYu@Sm@Gu@e@mAIG]QG?MEIGY?[Hm@e@kk@gvDDDp@o@AE@XGROVAD@B@?CEQCIEEI@_@
1597756105,}|}tGjjwkVGAKBOCOBUAIEgBV]CKD?XOHc@K_A?s@Ji@ZUHg@H}@|@QZQEOJc@p@K^Ud@i@x@iApCOr@INEZKT]j@y@hAIVWTa@LW?u@OuANq@DiAAc@BQAkA@QDg@@W?MGw@KeBJmAAU@m@CaBD_@IS?UFg@?e@EYG_@DOHs@KI?O@MDMHo@LWJSRs@f@cBjCOLYNS?yASk@FgACc@Je@?YCk@FM?KEsAF[COEK@MEUDq@?w@BKA_@?w@U]?GCM@CCDs@C[CkAI{@Bw@AyADaA?y@A}ACq@Fa@CoABQAaCEoCB}AAaABq@G}@Cw@BgAHG|@Bh@AVG\GT@j@IlADxAC\FX?VDv@?T@pA`@Pb@HDL\LBRCf@BLEh@Ab@FV?bBIPEX?~ALv@BZLfBIN@`@EP@j@Il@F\GjCFHA|@Wd@FP?NJL@F?ZGVDRC
1597756107,cfguGzqflV@n@Dp@DXdEjKzKvYdP~b@tA|DBVARETKPyE~FgBdDyC|CsC~CcDhGsAdHkDlUcB|@uAdQyAWqAlFdAdDHN~D`H|K|LShA_KpXtEbGf^vb@nCoAz]{[fVx@|@[RUPe@JEb@}Aj@gEZ}JPW\WRYl@_@vEqAx@O\CZ@\F\Jt@ZtL~AhEk@nCkC~LsG`GwFtDeJP]dCw@h@FZCRIZ[HOR{@B_@GqBBa@`AoCRSfMsON_@T]VU~MyEbKaUj@}E`BsHZrADHpEuFvPfExCpERNfGpATRbAtAL^Lf@fAfHhEfENZlAtDRTVPtDnFN\pBpChHOr@UX?ZClCCZEXKp@_@VU
1590011873,
1589292328,_dfuGf_klVC\HxADNNVDL@XNh@@\A`@MrACv@OhB?lAP\h@Lr@APFRXN\ELGv@@TFh@VnAJn@tAqBLWNcARe@Z_@POx@YJEJMPWJSDWLe@Rc@n@s@d@q@Re@r@kAT[XULE~@Ix@Nn@^|@hBHMN]D_@AKU_@Q_ASk@[uAQe@q@kAk@g@s@}@Sm@Ii@Me@Cy@DUDKt@s@FOPSP}AFOH]Js@@qAEs@Ms@CYMk@M_@SaAMcB@UHKRGl@u@v@gB`@Sb@Pf@\NBFCh@?LHbArAPZX|@NXZVN?JC^BA[IWMoAL}@FeATa@JYDo@a@wBWyBKiA@]HOTMd@i@|@k@TGTOJMRcAGkB?{@d@[VYt@eAHEP?`@Gt@@LHNNTt@^bC@~@BB^p@TbAZ\Vb@DRFHZANEDKBaADQ?[Au@BY^{@`@Kd@CbAJ\Jf@`@^PZTh@`@\JPLLARFVRFLH`@NVHJn@RF?XMJ?TLRTf@d@ZP`A\TLKa@GCc@P_@HQ@m@Ie@KIIk@Yc@HWK_@i@Wi@U]i@[]Y]OKIk@s@a@u@MM]Ws@OUCO@ULOPELCREdBBnADh@?VAHIAMMc@Wa@a@y@mAKIYI[WMQIkAYwA@UCUGa@Ws@[UIAQ?WBK@IDa@~@UVIRGRGbABlAKz@MRKHoAVq@V]VOTERAj@JhADv@Fh@@XCLZlB?TGn@Cz@BnAKt@Cp@@TRz@ATEBI?]OkAeAWIe@YQQWe@a@cAIIq@Qa@QSOMESCKBSHONKN]z@i@p@OLIRIf@ATBl@Tx@LhAANVz@T~@@j@Cd@?b@WpAE^St@IPi@\Od@Ir@Ax@@f@NhAHVVZf@r@NXJJh@`Az@rAf@`A\h@HNF`@CRKCGKUIc@_@g@@KDc@Oc@AK@w@t@e@x@MLGKYEE?IHU\WVc@p@i@nAW`AQd@KHSFU@a@TMJOVm@jBIPY`@Sd@EREv@EBEGICg@cAw@qBBs@AYIi@GGMCq@FYE]i@MWCKIgAB]CoABcCBo@Ac@Mw@g@eBI{@MSMKQE]BSEGE
1588845434,ynjqGbqthVLBBFJJXDPTVJPLLDFHPD\PVB^RRFRRL?PIf@@ZKVDLGF@JGJMJAPKZCb@LJE@PBAJLPOZFLLJB@ARFv@?PCPMPGPMp@Uh@DRC\KLOPIFSF?HHNBFARDp@D\DJH@GLELQPED@LETHTBPNVHAB^Z@LIB`As@FF^HHJ@FNNLB@AVAVQHDl@q@?[b@G@@VCPBB?j@Fx@`@JGj@BFCLCLD\EN@l@\HA@GBD@AND\R`@Jn@p@IVb@x@JDHLPLLBXVZLBAHOHKJANHJZDBd@`AVTx@d@HDDANHVDDDN?HD^FDCPFJAJO^SH?ZBTk@CKFAHBPBDIT@DHJBRNNDHTD?JPFPHLBXXl@V`@BJJPXR\`@`@Lr@ARKBQN_@J?HIVkA^[N@JDDAl@[PC@o@VYCA?[EMKMBID@d@g@WDIl@c@HIDORIPq@POCKJGGKFNz@CHCGTNF]?WBCKM?ABB@GAJ
1579095113,y`huGx_elV[KOAIGg@ISMg@a@MEe@Kg@Wg@_@kAa@c@Uc@Mm@[_@ISM_A_@gA[QNIREVG|@Ol@a@rCWdAIfA]vBIl@YtAMF[\MD_AHGDOAq@Lm@BSF\vBTr@JPJZDd@EJWXOFaAdAaAz@U^CNu@P[WOGSFk@d@SRUj@Mf@YVY`@e@j@Yb@[NOAQIe@KYFk@SUBSFa@TIHOd@U^ELc@n@KH[LONgAHqA|@[\Yl@m@v@a@fAMh@Ul@QxBBjAHh@@\Tr@HNn@vDAj@BZJHNAj@Od@Yn@SLTRbAd@jBbA`DJX`An@PALIHWL_B@k@Ei@Ye@[eAa@w@KEU@MEGKK]SBEKAm@D_@~@sA^KLKV]d@c@NIj@QjAk@JQ^cA\c@^S\Y\IRAXOp@Q^UVKHKl@M`@Q^KvAu@RMHMLY@KIMkAaAEIOJEJKLoARcAfBKZImAPk@PMZg@Lo@DaAFUPWJCTSRGLGDOIy@Vm@x@mAFOPWPOz@i@`BgBx@o@pBqBNQHWn@sAv@{@h@g@?aABw@VeCRcAR{BDU~@WPBrB|@JHd@LdBp@h@ZfC~@JGHg@LqALSHE`@GLBd@Zh@V
1576629441,m{euGprmlVt@JNPLX^NDDFC`@GT?vAv@NDFHVbAFj@?PVIHDPLx@pA@AEu@Im@Zg@`@WHIHK@IKYIO][GQOeAOg@OMMi@KSI_@Sk@Ck@@K@Al@X`@JzAEd@NN@LFPNJMCWI_@Ic@Ss@?ShAOLEjAETy@TEJGLAh@DPFl@z@h@^LVH`@`@j@JVD`@HNPJL?XJh@ZNf@NbAd@VTDJF|@|@\`@l@RC?DYAOk@_AOaA]q@Qk@Go@Ic@Fw@OYGS?cAs@oAOa@_@wB@[Ra@PKh@Ab@CFCHQ@EKOg@c@y@KUKm@m@MEY]c@u@[]IQQKs@{@GQ[[_@IwAAi@IIBSK_@[WMc@Km@Iu@UWAIGQOKY@wAE_@IOg@QK?OD_@IYMkAy@q@QYKMAYSSGw@e@WIQPANHr@Pl@NTr@p@\x@NRl@Zf@d@Jb@bAxB`A~Ar@t@BPED_@FYCOEY@UE]Bi@Gi@M[[{@o@a@QO@GHEZIz@GrBHtBPfC@RERG@WKw@aAk@i@KSGa@YaAOY]_@a@C{@CKEAOLoAR_ADq@A_@Mq@[cA]}@[[KIS@Y^IPMz@Sj@IFI?QEqDyEKE[XSZ_@fAGv@V^^HXTFHFV^|DHZR`@BPALa@r@Kh@C`@ZnAJJz@tAJJ^LJJH\?|@H`@HNxAlB?Fq@l@_@R[Tc@j@Q@a@ESIIKYQ]MQA[MKMSu@]w@cAm@OAq@PK@WIc@Ee@Ma@S_@C[d@_@jACTC`@@Z
1570276234,w}|tG`_~kV^?LLt@Dt@E\BVALJDJ?ZHn@IrA@j@BNRVN@HA@CMB?Dp@QJ?RJR@HBVPVHLN`@TR^NLLCJTPRBTZXDLDDDBN@FNJDREPMLDP\d@l@JZDTRr@JLl@\FJDVTb@DX?x@DLTNFJJt@BF@\A`@@b@BPTd@DTHDTT?XCHJNNHTVJ\P\JDJHFl@N^CHA?@\B\LVANHVBp@RXC^D^\j@@LATFNPLHBTRLFNNFTTJb@jAT\HRLJFPHHBPJNADR^@f@FZHNTVJPHHJVLHFPJJXf@HVER@Ll@bADTXf@ELBJLHf@l@LHDRN`@@f@RNDHWKSUQCIYQGKWKEOmACKGI]Y[SMYe@a@MSSM_@e@OGU[COGGGKGAYYSIOQMo@Uc@]QEKBOIQE[[g@EOKOKC[WQESOSu@]a@OY]_@UJKIIOMEU?W@]ASBw@`@GEc@MG@GFE?KCMMWESPS`@EZKRKHK\CCBq@Oa@[KIMKGKQSKE?IB[X_@JCF?LGJIBW@SJ_@?KFENGHU@ONEj@@FCj@DDBJAPCDK@GA_@_@ME?AS@]\K_@Yi@GGWK_@SKB_@ZGHCZMPI@a@?KDCLZe@RAHIZo@\SPMb@^LDNCFFBD@RP\BBHCLOLIVNTRXFN?IDWoAD[L[HILCPKPWLCP@LIF?D?HFRIB]PURGJIJQP?PFVRTZNHP`@@HJVB`@DSHQ@QHW@QZq@PID?RJLDXGPHP?JE\IJ@p@CN@JMDZBDJ@XPLONED?^XBH\ZZt@BZDHJDTD`@RX\JFNTBLJhANPNJVZj@hA\XJ@JHv@dAXNNZn@h@NXFDDALPPLHLBf@LXDDFVP\RRXn@AP@FBOK[KWOEEIG_@QYQSQ[Gc@a@y@a@sA[k@g@i@OIGm@Sg@KM@ES_@C_@MKQm@s@{@OiAMY_@a@WI]WWYEKGm@@YAGUMESSc@Ac@O_@CY?e@Km@[u@[UEQ?SDGMo@KYBMQUCKASM_@EKSCQUG[Oa@DqA_@u@CUMe@@OE[GMIa@IKKa@WWEASSQYUSM_@QQ[UQq@?EOCOO[Gc@o@UQUKa@Yq@aAc@YSIQOOGKAMNMEaAOQc@?e@Dq@EYDe@C_@@OA[
1568163608,y_huGp`elVaBi@cAm@s@YwAa@yA{@MEQBMXk@lDc@t@a@~AeBk@g@[eAW{CiAc@Ga@Sa@WSGQ@IFM?mAWKEu@Kk@UmBcAIFc@xB[r@IZYb@ON{@Qq@c@MCET?DBBl@^r@p@`@Xl@\LBZLJPAd@HT\R`@N^Fx@`@l@RRLLrAJ\h@tAn@nABJ?VEREJ[d@cBnAc@V]\Md@{@zAMHQ@q@POFOLM\c@VSVK\ILONIPs@Bo@Qc@Du@Tc@FQ@a@IIDq@jAi@d@M@e@RSD_@BkAXSJWVSb@K^OJ]d@Wj@I^YfBQf@CLN|@Jz@Nr@Hv@@UHGl@Wz@GJMRsBJOJGHN@REX@RH@LS\[hAs@d@Cn@FTErAc@\AFBJRV|@NVFFREb@g@PKp@]XQLGX@PC\MVQl@Y^M|A_A|Au@LMJWJg@Bs@C[EQIWIMa@c@e@s@WYYq@?MFUX]D@_@KMOqAm@]WSC[Dg@Zq@P_@@q@OK@SEa@Fc@J_Ab@UTw@f@OLKNK\U`@Sf@_@f@g@Xw@Do@NcAr@UXY~@]t@_@zBe@dAAl@LfARz@Hl@@?PMf@k@^C^P^WRUFEFHC\BPHuADYRa@l@e@l@KR@JDd@A\Mb@YPG^GRHr@dBHHHBPGVWLKX[JGd@IfBc@v@c@^Ev@_@XGdA_@PGRO^_@NUV{@C[Io@Mi@c@s@[_@y@wCOsA_@}@GOAUr@y@j@i@n@c@bAaAVSHO?KUiASg@Wc@Se@IYKg@BGNAd@K`@QvCQp@YlBY`@Ql@Ql@G^IFKDQ^qCHoAJi@R{@ReBxA?`Bt@bA^PJb@PvBhAp@Xb@JxAn@n@P^NLE
1556002453,sgdqEvnryUMQK?YIY]Kc@E_@AEGBTJr@t@NFJKt@oAz@kAn@q@DOSS_Au@a@c@[c@i@mAQYQi@CK@w@Dk@?YEs@?}@Ea@?g@Go@CF@|BB`BBLHT`@GNMn@U^?fAa@JKf@{@f@i@`AuALG`AiBHK^w@XYhAqALETZHTHJj@d@XRlA|A`@`@RPl@l@HD`@f@f@b@Vd@NNd@|@tAtAjArAPPl@`@f@r@RH`@\d@j@L\ZT|BlCj@d@`AdAnA`Br@l@VZDPCLg@j@u@p@_@x@i@v@c@|@KL_@z@FZ\p@NHVZ~@fAJNANK\q@bA}@fBU^o@r@O\Wb@ONSZ_@Z_@d@S`@a@lAu@t@O\UZUj@UZw@vAUZk@f@kAtAa@v@a@\I\GDKIIQUWy@c@s@}@a@[[a@BQdAcBb@y@j@s@HOGQm@w@_@a@qBgBKSa@a@e@q@g@c@W_@]a@CKRo@LM\o@|@iALSVYFM[q@u@c@Y[YQsAaBc@s@aA}@_@We@a@Yc@GCISIIQ]WU
1555990461,{_}pExlsyU?ISw@Sm@]s@GSGg@M{B?_@LODSp@W_@kAMA?Ll@bBj@dDrAjGTv@Zp@VnDBlAAlBWhCAbCFvABrAUxEMlAIf@Cd@Qz@OnBGb@GbD@zAFz@I|@UjDK`DBvATtETfBBd@XnCNt@^rCHlAGjDGz@GvDShCYnBKrAAf@Gb@@n@GbBH`AHR@LIZB^Mw@@eCDi@@g@Di@Ie@JaAJg@VoCBqABm@NoANmC@k@Ag@DiCEw@QgBS{@YgBKqACk@WmCBwAEk@Km@?OPuB?iBCu@DcAFg@DaACg@FqBAwCXsDl@aFJaDCi@AiDD}@?kAJiBBiAWkGIe@a@kA[m@Wu@I_@M_@K}@_@wB]yAe@eCc@gAk@mB]q@Oa@s@oAaAyC]w@IMWOe@AM@sA^_@AoA[cAu@gAqA}@wASg@_@m@e@wAu@mBO[U]Qo@AWIa@GAf@tAl@tAZdA\n@tAfDx@rAl@t@n@j@ZRPH~@T^FRB\C`@K\QZENBLFHJHRl@jBl@vAv@pAFRF^l@bBLt@Rp@Nd@HLRr@w@tBCJ@JDh@Jh@@RF\d@pAFb@J\b@vBT~CFbC
1549194690,ojhuG~zdlVUY]Us@S[S{A]QDCFGv@u@zDMbASx@Gx@OpAu@lAUBODa@@u@Ps@Vu@Hs@BMDe@Li@\GNFZVz@VpAt@bCn@lA@Li@n@y@t@[ToClCULa@@SFI@k@Su@_@_@GIEcAKe@Ic@DcAh@QDOHWVYFi@b@EDSp@MPKXGL_Bt@ODo@F_@Pc@b@Sf@s@`AWbAKjAK\Gf@JbCJfA?h@Nh@XbB?lCHN\E\B@FLEXI^UTWRO^s@BA`@s@VMPWbBsAJM^q@Vy@Bk@H]Xo@tA_CViA`@e@HMj@a@RCJNRM`@Mp@BXUVkARsB]a@GCKBCMIOIAGQEw@@_@AK@@P_AJY^M^[LSH[b@c@Xa@VUdAa@LSZU^]PGNULI\_@DINKFK\CZMPOJEJKRc@PIPANId@e@Vw@LSBMd@{@b@_BP}ATmALmATsAbAAHB^H|@^f@Nd@f@PHb@L\Bl@TNLNHvAZr@ZfAn@t@PhLkBT{@^{C@WVc@\{@V_ARcA^L`@?RE`BZd@?JCHERU
1546201394,}{guGnbelVCEQC[[I@MKIQ]QUGc@E{@Ya@GYWk@YUI[GWIuBgAUJMRENSzAo@rBI^Ax@]zBAd@Mx@E`A_@~@YZGL{@~@k@^_@f@_@Va@`@QFgAjAoAbA_@f@u@n@qAtAYVcAn@cAHuAU[UwBYs@@YF]VqAd@wA|@KL[lAUh@URUH_Ad@ODKAe@RHd@Cc@C?e@XINIHYz@o@h@o@nAg@fBWb@EPZ|CB|@FATa@HEv@]j@GNKDOBm@FWDOPOx@Mx@G`@E\BXFJAJCVMn@QJBHF\~@^l@FFN@VMt@m@L?TKn@_@LMTc@H^b@Kl@i@t@Kd@Sn@a@\OXQ\]`@OXURq@Da@SiBEKKMIEIK[UKQUQSm@Mk@f@[FA`A_BPOXg@n@k@pAaANKTYXSn@u@PCNMd@q@LYDWFITSHMZUf@q@d@e@BOG_A?q@HgALe@RmANmB\oCP[@S`A{@\HnAr@f@Nj@\\DP?`CbAnBdAbAVb@FN?f@V
1546200426,
1546200433,a`huGt`elV{@Wy@]c@Ye@MOMa@Q}@e@SCKEeAi@UIOJGJEXM`AInASjAY~ESxBCdAo@T_An@w@x@kA`A_AdAwBdBi@j@u@r@a@XW`@s@j@Qd@iC[OISGuALq@[W@]Je@`@c@Ha@^o@J}@VWPWTGLSr@_@~@MHi@VGHMFeA`@OBWPUHm@n@o@`A]\QZSf@UrA[bAAPPbBAp@B`@TlAPd@Jf@Df@FhA@|ALJhA[d@YLBHHR^RhAn@tBR`@Vx@Pb@Jt@Ll@h@nAX|@XpAJRJFJ?^QVWZ?LJFJb@jBLL\FJADMA_@[_Ai@aAC_Am@yBS_@U[e@_@UWGSGc@GgBEk@EMSg@S_@_@m@KWCOC_AToAj@sAFUHINA^MN?NKz@]T]Vq@bB_BZMXWVo@Ni@|@gBZqACWFs@Ng@F{@Fa@Ae@TWbAa@TUrAmBx@m@`AgAb@i@r@i@b@g@VSd@g@v@cA\{@b@_@X]dAeAFK@QA}ADcAXsAB[^UJAlAf@r@^jCdAVN^D`@Xd@RNJF?`@L^FNe@Dy@~@uFXG\@fA^H@pC~AZBb@Vh@NZLP@j@T^JJGHSPqA^cATw@b@sD^oAJk@De@Jg@RsBJi@XqBNmAH_AFQHGL@~@N|Aj@
1546200448,}seuG~y~kVLBpAB@CAOPHDCLDDEFYCoBBWAsAB_@?s@EgC?WDGD]Co@AG]DKJ_@?UEKHc@EF?ISHOZ??FY?ECo@@[C]?}@DYCi@@c@AODe@ZE?SAa@BUAEJCQq@@ODIx@?LFZ?n@DRDDt@?LFj@IN@?Eh@Cz@F?D^Af@D@d@EXAVBv@AbAJTNVADCKM?MEGDARBFCB@]VCDHaJn@kw@z{D?C@FCF?E?@GEFB?[IOAIBAFBBJEPBFAIEDF?CKCJBEAB@AA?AD@@BCC?BGELHKEL?CA@CNLZpBtMFO?K?@LMDG?IK@?IEL@HCDFIB@?LEC?HBCCTLYC@o@|@FQ
1541261151,at|uGx{yeVEQCm@EQ@ECIA@JWCDDP@GYIQNKBEFCIEe@EG~AcB@W]QOAOCSWILIf@Wd@MHIJE?OYGNC?[kAQAI^IJCJANO~@OZK^OVGt@BF@EMU@_@Ok@?k@Oo@UsBACC?IFGTCTIVAROp@ILEh@BJCb@@vAGhA@XCH?HHHEN?RANDV@\B@Fb@A^Kr@KHITQTObAI_@?KCAMXEDK~@CFBRABQFa@HSAGBOB[LOEYB_@R[?WNMBQIGOMf@YBKAGFUDk@EBAKEK?KB}A?ODYBSFMHc@JUCODi@@SBSCIJe@FGDOBK?ECSBKCk@TI@QEY?SPSDMHOBOLKAe@\QRIEE?[T[JMBQ?MCCC_@FQ_@WKKDCFQLECE@KJMBKHM@ONWNM@WOIA?@QOMa@Ig@IKIIa@GUISKKMQg@S{@ISMUCQOo@EyA@q@Ae@BIC_ABc@BEHGLi@BaAAY_@qA@MIOIa@GGM?ECOJK@EHE@M@WAQB[TK?ECk@BOJIT_@LK@IFORCREBKXaADE@EJm@CEBIG@a@Ky@GUQmCGMAk@DS@YLm@JGNSHDPIR_@HI@GLMDMACBKRa@X]Tg@BMGWg@DKCKDGGOCa@@MLM@GCEBAADALYZ]P]Ja@LaA@]T_@?YCIMCM@IDGAIFU@KCW?YQQCG@MLK@OCg@@[FCF`@{@`@i@XwAJWDSVy@Js@?If@_CDMFGXeARe@VsA@eADQDADE@??AYt@ONYn@mA~@e@j@KRMFSTMLi@Js@`@G@KCe@`@C?UNa@HIDIHGTa@ZSBe@\a@j@@C?@G@BAGFGTKTYFGH?LEB]JQA]F_AMWI[UPSt@WXWVOBMAGOBYCSDGEEGA@B??CABB@G?B??FEQMIGAHFADDDLCJDX?\DJA@Te@h@c@Hc@VQDEB?@LPLLZ@d@Ll@ID?@B_@\]FABMBMF]HQP?FIJOFCNQHM@IT[JM@EBIAWRUZGDWZKDI@WPQTe@ZMNS^AXAFE?AGQf@OP_@r@i@`@ILi@zBg@~@?t@CPCJKREXYDy@u@WOa@CCO[IYU_@NMBo@c@IAOKI@OA[f@@?HPBDTn@RP@HTPD?GJi@HED_@?kAf@OBSJIHGPQFU@IT_@XQFUd@]Vi@NS?k@Na@^]POBUKUUSKUCIBK?_AIIBORQCIDI@a@XO@CDKAGB[`@]GGBIFCFGB?IFB@AT@LEHBDLFHPDDBBNLJX@f@HJEv@FBFNFXFR^DLRPVBJDNA@BD@HEJADHLDTMV@~@Sb@@b@H`@A\L^@Pf@J?TJFJJD@DFHLEEp@Dl@^d@BNHJLAADB@I@VYFE@DAP@d@@DPNHTBPPNDXEVAp@GTO\?NEJg@x@QLSZIl@Cd@CXB^HPJCX@`@QPQNIERWd@GZEFe@RSVCAKNKDQTAPBFHDXCTGVDREXWN@FEPB`@_@Na@JOJ]NGJKNGHOXUPI\g@\MBEB?Rc@F?RHXCZK`@GHIPFDCT@PAJIFFDAPFl@CD?TCD@^Il@CXKLDPT`@TTRZH^BLFL@JAFBZh@XRDJFFRD\VXDN?JVLJF@FFFJPRBLPb@T^HBDD?FP`@RTH\T\DNTXFTXR`@NTF@Ab@HL?~@^VD^XJ@HDFJH?BHJLX?FZ\|@GBFRF?DCBD@FHA?F@EATJLb@TFHPj@JHj@LJ@FAFBt@]~@?~@PJFN@NAb@L`@TNPF@LNTCFIJAPMNF^OLBHF\BNFRCZLXPTANNVLX^BHV^@FPNd@NHLf@TJFVDLDJ?JDX@NFTAN@LCDBNTD@BE^ENDJHNCV@^CLBJ?RFXBHFJBd@A\BLIL?DGHARBFAJ@JFRBDCL?HI^gATKHKTa@Tk@ROLBHG\[LULGXYv@U`@I^DNBDDVBNFFFAARBTEV@HEH@VGLAp@SNKLDF?ZMVSZC\KPQN}@Pa@Je@XM\}@BUn@eAPSJk@R]?GNWJ]DCFSFs@JKBKB_@Nw@@OFSDYBs@Am@Be@Hg@Rw@F{@Pu@@iABM?SCOBi@EmAUcAEa@DIBDIW]cBGi@Jy@D_ANkARi@H_@HQJA@CLy@?UMiBCwBKEMV@r@@HCP@n@Nn@BP@LE\DNABH@DH
1541261049,kgguGxqolVF_@ASGSIIKCy@k@SFK?KLUHOBKAW@WRi@?c@CMTK@EFAXCCUGK?YKMBGb@}@o@I@KF_@JOLKDMVGFCASRUb@IBEASkAKGQE[@a@EQDc@PYEMWEIMGMAKGKDQ?GDKT_@tAI^D~BK?MCISG@OCI@UGa@CICQOIEOAMEY?QIIQ]IIEQA[WKAa@Mi@YKM[Ps@TMLe@FIHCEI?EHOKy@mAk@_@]c@KA[LEJBTLT@TD@P`BZxA^^f@RDAAQPPHLHDFT?HDXCROh@Cv@AvAFpBJRTTVPH@ZKTFDDJXBz@DRFJHBX`@n@^d@b@j@`@NMNSPCJ\KH]EQLMBKAKPMHMGIAPvAKQCWO@I^EFc@La@EW?K`@QxAA@OIU_@GB@r@A\GF_@KOTIDAj@DTFNFSTGn@r@PCZ_@JEVFFDLh@TbBBxAN|AUqANi@Fc@@OAYSi@YcAIKUKEHSPi@QK?SFINWJSQYa@OMU]`@MFMJaAFCD@DFTRFATy@LSZUVBTAXMp@O\AF@\h@f@d@JX@EIg@?UDITQpA_@XGVA\BH@JJF?HEHO?EYm@W_@GIQKc@m@M[COIMEKYYGKQM_@a@[g@e@`@I@ME_@_@SIQS]q@YoAQg@ESCaA@_A@YCKQJG@KESSICa@m@ECQCYMY]w@g@]]{@yA]_AESu@yAIS?CNQ`@CJB\f@d@`@NAf@B^SZAb@KHFH@b@LP?`B|A~At@\d@HGR]BSH}B\kALOP\ZVJBPB`@@JDh@A`@@TDHVHh@DQDCDKLm@B?EOB[H]@KHK\QT?Z^ACFLFAD[B@AD@ATHJCPDd@IFC?CPGZWTYl@D@JHJN?LCL@b@XLBxA_@l@C@CNTLMPEr@fAXz@FZHhAAF?VH\Tc@H_@Va@Je@A[BQRq@FIvGPFGDAFQHKRFP?DIBO?cBD_Aj@eABK?a@KKGMCU@MLe@JQp@kAd@e@b@WNY?YEEI@UR[FO?UWEOg@]_@w@_@aACo@HQLGn@gAl@}@`As@P?f@K
1529534693,oxguGtdelV?KVd@PNVJPCJW^sBHQFAdAZxBbAH?PERUJWLi@Fq@X_BJoAPeA@WFWPyABELi@Fs@d@{BFs@VuAVyBRy@FI^_Df@_CXkCVeBH{@ReARgBV{ANe@VeBP{AH_@b@oCLUXNb@L\DdAb@RNV\DBF@JOd@sB?MJk@Dg@TqAHcAHa@B]FOVkBTcAHWTa@Nq@Ja@LiA`@eBJ[Jg@x@cCV_ALm@N[?GRc@\cB^qA@O\aAVeAN_@D]\iA^gBTmAHUTkA\aAJg@n@aCPaAVu@LGDg@^mAN}@Pc@FWX{@DYZ}@?UDOp@iBPw@d@_Bt@iDXaALYd@uBPc@Dg@CKo@y@KW?OGKk@_@CYt@yCJo@`@yABMAQEKmA_A[Qu@W{@GU@SA_ADSEGKAMAqBCOIEUBEBCHB^BBEM@G
1529534776,w`guGlqmlVCt@HRFb@]F]QGAOGEFC?AJBNNVPJZj@NB@A@DD@?RRXVJF?JHn@LRl@PRPx@AND\Pv@FL`@w@@KRUTI`AIDCFm@Na@d@y@RG\PJ\HLXXH@J?DEBa@Xk@NQfATz@x@NSDUCo@BQTYJKPKH?PGX@LDJDDF^H`@PZPTVn@tAXZF?FKBOPsCEq@BYAUM}@GoABWBEVRVZPJ`@LP?HDRRj@V^\NDNIH@h@VR?h@PNLNVLd@B`@Af@BDZ@HDZp@RNX^Oa@Pw@Nc@r@k@Z[HW?KIOg@EIIGOG]AWS_@USYu@Mg@Iq@C]BKFKN?JBj@\VGv@_@TATHXC?KGa@Qg@ES?SFUHGNEXAh@FL?JEX?FE@i@PQJEz@GLDf@p@LNTL\HHHBJ?`@BNNVNNF`@@TFHLHn@HRJZb@Tb@@HAj@NJ^FLF~@nALFRB`@V^HJAFIHg@DGO@EGOYUy@Y]O]Cy@U_A@g@K[S[Ki@SYGSIu@Mi@Mw@Ww@AYBOHYLQFCn@BJCRGLIEQSCYIqAy@OWaA}@iAyAuAuAKUIGc@WUGq@]g@Gc@Oc@a@Qc@WY_@C_@QGIGSCKBEMo@Si@Wg@IKQ[_@YEKCQDUXWl@e@P]Fq@?e@Ok@?c@FMJOFq@FGZCZPJZJL@LTj@Wc@GOOSYUKCIBGTYZGLCRDbAEn@B\ELIJi@Jc@XETA^BHPPVr@NZBN`@|@DLLfAFBNALBFJ^VVp@PFj@d@XBPFn@JJDLT`@X\^XRPV^`@LLPHVTT\nAv@NBj@ZTPj@JNJ?JCBO?WLe@NKNQl@AXD\l@fC@RRr@Ht@HTJHBJLFBHAX@Pd@rCDd@?^BRVZPHL?ZOLBA\Df@ML{@CUEe@WMGQA]SMcAu@qAEMII[HWAICII@ME[GUQ]YSS}@QOc@QGIKSAKGQIMGAUM[CQFIP@^gBCYGMGQDM`AAV?JNv@?NCPGBICQQk@B_@H_@BOAi@OU?GCSFEV@bAZfAXl@F^Lb@LLJF\VJR?Pk@\EHK`@C^NfA?^CBYSMOCKOOOGKOc@KM?Ba@CMe@_Am@_Aa@Og@JUYKEY@c@I_@e@c@IOOMQ[Q[WKCGLA\ZzCJn@BZCj@B|BADOEW_@Wi@}A{@MCi@Ec@Ba@?_@IOLEPA\Gf@Df@ABO?]IeB_AUIKNE`@Mn@MDc@g@O]MMk@_@EGIC]j@CNAbAEFSI[BMBUNINOf@OjAE@Q]IUCc@Om@]a@Yk@]c@WSKC_Ag@u@oAYq@IIYo@C@JJN?d@O\CFG@MAm@_@UKK?CABJHFC
1529534705,kxeuG~s~kVj@H\ET?d@DZ?VDbBECcC?qA@}@BS?IM?OFYBGBIA?GAAKJq@Ii@@iA??BUGEGAsAIWQKWBY@YDy@CiA?c@EABWBU@EAID@v@CR@zAF^DD^IlA@H@?XFHTD|@CpA?FBEZBrA?|AAFIBEHANAI@?E?IJDH?k@l@P`@vCAh@gBbGYjAIvBtElGhAr@h@VXRGhAUjA_IfYoMrf@aMfw@gLlw@QTgDu@}KiGDN@_@AF@AEGA?BG@U@?DLAHAU?DHBDGSHFRCFEKA?FAJPIC?B?QIA@B
1527523619,slguGzaelVD]\iARmAL_@Fo@Py@HiA`@iCt@eEDo@L[Hm@Pw@?MJm@Fo@Lg@HOHu@@k@DWp@oD?O^qBDq@\mB?OJOJm@?MBKAOFKFaAJg@FGCGP{@Fm@b@_C\aCHKHCF@RHTDt@\j@Nz@t@D@FG^}BPu@RcBBe@Jg@Dg@BQJGDg@TwAPeBN_AL_@@Qd@qBCSF[\i@HGL[p@uC\cAZwA?ILWHg@ZsAdA}CF_@LOn@uBHKP{@CQTs@Ho@Ro@LKJa@?O\mA@ON[Lk@Xu@?KPk@Jq@J]Vw@LGRu@Lu@BUj@cBP_ANa@Dg@DWTg@H]TuAj@sBHOJg@Di@JI^wAb@uBV_ALUT{@Fa@f@cBLy@Xw@AUFSFu@BEMOGFECKEGICDOIQCc@USOEO]]y@m@MCIGkASiAAKBWAe@BQKESDuAC}@CFEEG?KHGRAP@]BEB@EHJWBBDC
1527523643,_neuGhallVC@WKWOQAGG?IBGFAF@|@YT@JGDG@KTw@Fg@S}@?KLYJIHUFe@BGLAHBLJDd@FRNVBTHVJNHDDJCFJ\NTFRK`@AP@RFHTFHDPAJLV?`@TBTK`A@FZ?HDf@FPR?p@XBHBPAJFJIVE\H@DHBBF?\FDJEP?@DLPDLBTNTFADOB??GOaAC}@Ka@IKGUWk@GYB?LMx@GNC?E`@@HF@CPDPCLC@EF@FGd@EFO?OEUCEYMy@UKGOEc@GKFWSK@EEYFGKUKOEGIMGMy@KUAWIg@EGCKIU@]EaA@WBOHILECGPAJBXR`@LXPHBQqBGYEAR@f@SZAZFX@NCN?IYMUOCMMYSUa@aA}@C?a@m@GOCQBSCWO]EBQUOIIMGg@EKCAFc@HO?SKQQSOAIEWa@_@u@@QLOHBRELBHAb@a@DEBMHs@Cw@KWEWS[c@SKOE[Bk@GHBFGG@DGd@@JHXFD\\JPDZ@\Pd@@PKZEBMVEDMGM?IFMPUr@CNBRHRJLRd@R?d@R@HEGIn@GJC^BJDLFH\VHBVVBD@VARL\APJRFJNHVZXJFVl@r@BHZNZVDBEQc@?i@MQLOB[PGd@?NRn@Fb@LNGGSW}@O_@OE?CBQ\Cd@ITDr@An@Hh@ARBLHPBTJV^NPRZD\@NVAF^RZFZAPDVTJRNJRXBGMSUGO?MJYAODMHKN@ZDCEUKCQFYI_@L?POZAVE]?DF@HARQAACPF`@b@\HPBZRVXp@JJD?JPDBHRD@HVLPHBRPLAd@\XBNGBBDANDLHPCTDHFJAHD@A^DBBBCJJJBN?RLDFHFb@p@X@BCE\?ZBb@CF?f@HJBZMtA@dAGv@@fBCJAt@JpAGb@@@BXAZ?AJA@IC?AN
1523268806,oxbuG`kflVBp@P\Cp@F|AG`C@h@@TRv@Rf@RP\p@`@^ZRTBTRd@V`@NRZRf@`@p@Ld@AHSGM@SNUp@GHE@WAo@e@UK?@u@COHU\]r@CR@XHl@Tp@Fd@`@p@Vl@@Ln@nAP`@RTb@XbAd@LNLXf@Zd@x@b@bAZbAPZPLLZ_@FKASOISw@s@[M]Ua@GMHGJKPOj@OpAAnA?JGLOCg@o@_@Oi@wASUYOWIUEu@WSAWHIFKRm@vBIHODc@?IDML[h@MLM@OKwAk@IGw@_AUQEAIFAJE`AB`@BPTZv@vAL`@BRJTDj@Nv@l@vANx@JX\`@^v@RNHT?PF^NN^Nn@FLF\@f@\FH?PEjAJv@Z^h@f@Vf@Zb@^ZNDnAHVJhAx@DFFP@LNh@ZFHCR?HMAIYaA?_@CQCEw@[e@_@[I]BGAMIU[Og@Ug@GW?i@EgBBLHJ`@P~@V`An@jA@ZILWLEF?LDVb@f@n@F@RGXC`@Bl@b@LBD?BS?s@Hg@Ba@VGJDRTZFPLDF\n@PNJDJ\@f@FNb@BXCLFPVLp@@ZI`AI^AF@Fd@OH@NRDVHFJ@FKLq@TWLGJBhA`@d@JBK?YESSa@a@q@Se@E]GkADQHMVUDQAm@OsA@UHORIH?RDb@RLBLCDI@IYqBCs@Ds@Ji@Oe@Sa@W]Uu@@UHm@@QEi@EW@QFEP@RNZv@\l@BJVX\|@HNn@f@X^l@bAZ~@PX\TRd@LFV^Rd@FZFLN?N_@Uq@Gc@Cs@@e@Ii@?a@Gi@Cq@@_@E{@@QNaAQa@CcA?MFUHKVQDK?YGW?MFW?c@AqAFc@FIYw@Ka@AIDO?IFYK[?c@I_@?MEQGMGs@j@HTVH@TACGa@Y_@k@MMICQ@MF]fAIVMz@Of@Kt@CdAFbBGnA@`BCVIZGAKGGGK]Ko@Mc@Mw@sAwDS_Be@iB]}@u@iAa@Uq@}@_@YQDWZ[~AKP{@IGEM[K[y@wAQe@MSOi@Ig@k@uAQgA_AgCUw@IQE@Dj@KrALVLj@A^Kp@\bEGfAGBSIgACU\Df@KNGBe@Qs@a@m@EYBa@AQCW?i@LECOAa@YUIU]Yu@QYEQC]U]OE_@D]@GE^[VMNETCHBj@`@PDHFLDJCHQDWRWROVGLID[EKU[Ym@sAeBwAeAg@g@]e@i@g@MSE]Uu@E_@@WL}@Hw@?iCBSJYTe@VW
1521105297,u|euGly~kVv@Bt@C@oCCY@iBAc@DoAAsBCOBW@GBAJCd@Db@Ad@@PBFH\C`@IP?TETDLAF@FPBb@D\Ev@D`@?~AApBCHKDWCa@BULMCqAI[FW?a@BMJIZMDKCEFFKLEB@ABAg@HkB?}a@l^ez@@KJEASDO@?KGBA@DIA?@F?CPGXJKJWGBK?HF?PMPAHNDNFB^CjCyn@`}DaLlp@?z@fM~B
1521105313,qqfuGnmmlVO\AH@HRBPAFDj@r@FRV?z@q@hBULGPW?Sm@}@u@aBGw@Bk@CQIIWISQa@{@OUMIi@w@Q_@AQ@a@^g@LGLO@QKm@Qi@Mm@EuAIeACOISKQk@Y]c@GU?MDSFQV[Ny@HQHGPCNHZ\X|@^tAV\JTNJL@VEp@oBVYJGRAp@f@JTRn@b@t@FTAb@EVo@jC?b@DRDFt@DXF^RRZDPNfAL\LJLDLVVv@JTZVNAJMLc@Fi@?cACo@Bi@CeABUJM?_@Gu@@YJm@PMNANDT?ZZXPj@LlBv@h@DT?LEJGAE_@c@y@qBAQOi@AWO}@W_@sAaAKMYu@]WMSKGOESOi@iBECAMBa@AAM@FCh@_Cd@_AJeAJYf@q@r@Q\[R]f@mBbCcFRO^It@]XEr@Nl@Vd@VJJT\^PD?\a@@KCMaB{DMg@O]yAsBk@aAUiAMgB?WPg@XSRGHIj@eAF[Ho@Lk@B[G_BWmAK{@Ai@ScACi@OkA?UDWZQh@a@R_@Pq@HK\[NIh@DQIk@`@IJa@z@OPm@dAIZGr@D~BFr@Jd@JbB@lAMjC?NGf@ERGHIJWDQDILI\?l@RtDH^PZr@t@LFNTHBRZb@rAn@tA^n@Fb@@TCNEJGAYUu@y@KI{Ao@]Ia@?o@\]ZUL_@^Sd@CPYr@w@nA[bAOv@Q^IJ{@j@YVUl@Yj@Oj@KXU\Sd@ENMx@K^GLDH?TL~@Tt@\d@l@^`AdA`Ap@d@f@JTDRVl@z@`BHJ^RVT?b@GDq@GuAW]Om@?EBg@SMKq@OSMMCUFILITIr@@tAE`AIj@GdAFf@DxBEBYw@OUu@{@Og@?[MaAMSMMwB@OEECBeAHYDq@DGJk@A[eAqDGUMQKGOAKFKTGd@IVWl@]N[?OKe@o@KS_@mAq@oAKMUDIHKRMd@Wh@MNSp@@VLXXNXDRLJLRf@Fn@DdACbADTL^RXCPEFSNa@d@MXCV@RLl@LRh@f@`@v@h@f@VFDP@NGd@Df@d@`A`@l@b@\r@X@LILu@@_@Hc@Ri@n@IAe@QiAq@SGI?[UKUAi@Ic@GQSUcAi@YGOAUD]`@OBUCKCgAm@c@Ic@\QRl\cnM`AH
1517340347,cxguGvdelV?YAFSA_@OOIw@[SOFs@P_BBoACOAw@Jw@Ac@[c@DKDA@GDVCB@IA[FB@G@JAPOl@EDEc@CkAFABBFDFR?NCHCE
